tt0248647,Maternity Ward,2000,\N,\N,Reality-TV,9.4,5
tt0802024,Sri Lanka & The Maldives,2000,\N,\N,Adventure/Reality-TV,9.3,7
tt0176314,Walt Disney World Inside Out,1995,\N,59,Family/Reality-TV,9.1,36
tt0788679,Alaska,1994,\N,\N,Adventure/Reality-TV,9.1,7
tt0683725,Muzzled,1997,\N,\N,Reality-TV,9,9
tt0138252,Personal FX: The Collectibles Show,1994,\N,\N,Reality-TV,8.9,37
tt0266121,The Blue Planet,2000,\N,30,Reality-TV,8.8,90
tt0163928,Black Box,1996,\N,50,Documentary/Reality-TV,8.6,24
tt0209673,Globe Trekker,1994,\N,60,Adventure/Reality-TV,8.6,785
tt0236911,De mol,1998,\N,\N,Adventure/Game-Show/Reality-TV,8.6,631
tt0281455,Julia & Jacques Cooking at Home,1999,\N,\N,Reality-TV,8.6,86
tt0367347,Judgment Day,1997,\N,\N,Family/Reality-TV,8.6,145
tt0220265,Iron Chef,1993,1999,60,Game-Show/Reality-TV,8.5,989
tt0243935,The Grand Opening of Euro Disney,1992,\N,\N,Family/Music/Reality-TV,8.5,23
tt0805875,If Walls Could Talk...,1998,\N,30,Family/History/Reality-TV,8.5,44
tt0117755,Strange Universe,1996,\N,\N,Reality-TV/Sci-Fi,8.4,24
tt0127999,Hometime,1995,\N,30,Reality-TV,8.4,76
tt0303950,Eco-Challenge British Columbia,1996,\N,\N,Adventure/Reality-TV,8.4,15
tt0457544,Wie is de Mol?,1999,\N,55,Game-Show/Reality-TV,8.4,935
tt0639115,Halloween Special Edition,1999,\N,\N,Comedy/Reality-TV/Talk-Show,8.4,21
tt0221741,Fear,2000,2002,\N,Game-Show/Horror/Reality-TV,8.3,262
tt0788691,Syria/ Jordan & Lebanon,1996,\N,\N,Adventure/Reality-TV,8.3,7
tt0119206,Lust for Glorious,1997,\N,27,Comedy/Reality-TV/Short,8.2,86
tt0272644,Ground Force Goes Air Force,2000,\N,40,Reality-TV,8.2,5
tt0382496,Totally Circus,2000,\N,\N,Documentary/Family/Reality-TV,8.2,23
tt0639098,Halloween Spooktacular,1998,\N,\N,Comedy/Reality-TV/Talk-Show,8.2,32
tt0215402,Control,2000,2006,60,Reality-TV,8.1,9
tt0252000,SK8 TV,1990,\N,\N,Reality-TV/Sport,8.1,28
tt0291691,'Weird Al' Yankovic Live!,1999,\N,\N,Comedy/Reality-TV,8.1,211
tt0913409,Breaking the Magician's Code: Magic's Biggest Secrets Finally Revealed 4 - Unmasking the Magician: The Final Reveal,1998,\N,50,Reality-TV,8.1,249
tt0111955,The Extremists,1995,\N,\N,Reality-TV/Sport,8,5
tt0252794,Travels in Europe with Rick Steves,1991,1998,30,Reality-TV,8,75
tt0259780,Jailbreak,2000,\N,\N,Game-Show/Reality-TV,8,17
tt0992571,Italy's Fortress of Blood,2000,\N,\N,Horror/Mystery/Reality-TV,8,5
tt0217916,Bug Juice,1998,2002,25,Family/Reality-TV,7.9,499
tt0367397,RPA,1995,\N,\N,Reality-TV,7.9,30
tt0500080,Sister Wendy's Story of Painting,1999,\N,300,Documentary/History/Reality-TV,7.9,241
tt0215445,Trauma: Life in the E.R.,1997,\N,24,Documentary/Reality-TV,7.8,183
tt0284725,Eco-Challenge Australia,1998,\N,\N,Adventure/Game-Show/Reality-TV,7.8,20
tt0315655,In Julia's Kitchen with Master Chefs,1993,\N,\N,Documentary/Family/Reality-TV,7.8,33
tt0390678,Aap Ki Adalat,1992,2017,\N,Reality-TV/Talk-Show,7.8,112
tt0428193,The 26th Annual Daytime Emmy Awards,1999,\N,89,Reality-TV,7.8,17
tt0761325,The Final Four,2000,\N,120,Adventure/Game-Show/Reality-TV,7.8,179
tt0762406,Mainland Greece,1999,\N,\N,Adventure/Reality-TV,7.8,8
tt0818414,The Pet Department,1996,1997,\N,Reality-TV,7.8,11
tt0278204,In Touch with Dr. Charles Stanley,1990,\N,\N,Family/Reality-TV,7.7,49
tt0305813,Maximum Exposure,2000,2002,60,Crime/Reality-TV,7.7,189
tt0443371,Eco-Challenge Argentina,1999,\N,\N,Adventure/Game-Show/Reality-TV,7.7,20
tt0780214,Divine Design,1999,\N,30,Reality-TV,7.7,156
tt0786152,Poo Cocktail,2000,\N,24,Action/Comedy/Reality-TV,7.7,103
tt0254888,American High,2000,\N,30,Reality-TV,7.6,70
tt0284771,Paramedics,1998,\N,\N,Reality-TV,7.6,14
tt0285390,Nigella Bites,2000,\N,30,Documentary/Reality-TV,7.6,117
tt0857058,Extra - Das RTL Magazin,1994,\N,\N,Documentary/News/Reality-TV,7.6,63
tt0176095,The Challenge,1998,\N,30,Adventure/Game-Show/Reality-TV,7.5,2139
tt0243073,The Mole,2000,2013,60,Game-Show/Reality-TV,7.5,287
tt0244334,Castaway 2000,2000,\N,60,Reality-TV,7.5,48
tt0262950,The Crocodile Hunter's Croc Files,1999,2001,\N,Reality-TV,7.5,682
tt0361012,Sports Illustrated: Swimsuit '99,1999,\N,48,Reality-TV,7.5,22
tt0761327,The Marooning,2000,\N,44,Adventure/Game-Show/Reality-TV,7.5,218
tt0803076,The Sport Jerks,1998,\N,22,Comedy/Reality-TV/Sport,7.5,6
tt0950342,Ramsay's Boiling Point,1998,\N,30,Reality-TV,7.5,221
tt0189323,Who Dares Wins,1996,2001,30,Adventure/Game-Show/Reality-TV,7.4,52
tt0273002,The Naked Chef,1999,\N,30,Reality-TV,7.4,358
tt0296758,Miss America Pageant,1996,\N,\N,Reality-TV,7.4,16
tt0309683,Home Matters,1993,\N,10,Reality-TV,7.4,14
tt0322737,In a New Light: Sex Unplugged,1995,\N,\N,Music/Reality-TV,7.4,10
tt0613896,Bam Kicking His Dad's Ass All Day Today,2000,\N,27,Action/Comedy/Reality-TV,7.4,72
tt0613897,Poo Poo Platter,2000,\N,26,Action/Comedy/Reality-TV,7.4,71
tt0613898,Mianus,2000,\N,23,Action/Comedy/Reality-TV,7.4,73
tt0613901,Cup Test,2000,\N,\N,Action/Comedy/Reality-TV,7.4,68
tt0786153,Blind Driver,2000,\N,27,Action/Comedy/Reality-TV,7.4,77
tt0808117,Wanted,1996,1997,60,Game-Show/Reality-TV,7.4,17
tt0818733,The Human Zoo,2000,\N,154,Documentary/Reality-TV,7.4,25
tt0832326,Yoga Kids,1996,\N,35,Family/Reality-TV/Short,7.4,7
tt0166457,Real TV,1996,2001,\N,Documentary/News/Reality-TV,7.3,33
tt0264263,Jackass,2000,2007,535,Action/Comedy/Reality-TV,7.3,21058
tt0478935,Duty Calls,2000,2003,\N,Documentary/Reality-TV,7.3,7
tt0613899,Casket,2000,\N,\N,Action/Comedy/Reality-TV,7.3,70
tt0613900,Santa Colonic,2000,\N,\N,Action/Comedy/Reality-TV,7.3,70
tt0786154,Poo Joust,2000,\N,\N,Action/Comedy/Reality-TV,7.3,72
tt0803953,Big Brother 2000 launch,2000,\N,\N,Game-Show/Reality-TV,7.3,14
tt0991063,TV Champion,1999,\N,\N,Reality-TV,7.3,6
tt0110859,Police Stop!,1994,\N,50,Documentary/Reality-TV,7.2,12
tt0112056,MADtv,1995,2016,60,Comedy/Reality-TV/Talk-Show,7.2,9460
tt0159847,Antiques Roadshow,1997,\N,\N,Reality-TV,7.2,1121
tt0195464,The Hypnotic World of Paul McKenna,1993,\N,\N,Comedy/Reality-TV/Sci-Fi,7.2,18
tt0213345,Ground Force,1998,\N,30,Reality-TV,7.2,121
tt0239195,Survivor,2000,\N,60,Adventure/Game-Show/Reality-TV,7.2,21252
tt0280312,Scariest Places on Earth,2000,\N,\N,Horror/Mystery/Reality-TV,7.2,429
tt0284160,Ground Force Mandela Special,2000,\N,50,Reality-TV,7.2,5
tt0294167,Pioneer Quest: A Year in the Real West,2000,\N,60,History/Reality-TV,7.2,151
tt0317468,Faking It,2000,\N,\N,Reality-TV,7.2,55
tt0318957,When Good Pets Go Bad 2,2000,\N,\N,Reality-TV,7.2,18
tt0321016,Walt Disney World Inside Out,1994,\N,30,Family/Reality-TV,7.2,10
tt0443372,Eco-Challenge Morocco,1998,\N,\N,Adventure/Game-Show/Reality-TV,7.2,16
tt0103058,Teen Vid I,1991,\N,\N,Music/Reality-TV,7.1,46
tt0106111,Real Stories of the Highway Patrol,1993,1999,\N,Reality-TV,7.1,139
tt0261470,Expeditie Robinson,2000,\N,\N,Adventure/Game-Show/Reality-TV,7.1,381
tt0122822,The Good Sex Guide,1993,\N,30,Reality-TV,7,19
tt0266193,Surprise Surprise,2000,2001,60,Comedy/Reality-TV,7,7
tt0273010,Primer impacto: ediciÃ³n nocturna,1994,\N,60,News/Reality-TV,7,16
tt0278178,It's Christopher Lowell,1999,2003,30,Reality-TV,7,21
tt0303445,Christmas,1990,\N,30,Reality-TV,7,7
tt0313643,Sports Illustrated: Swimsuit '97,1997,\N,45,Reality-TV,7,24
tt0788681,Hawaii,1999,\N,\N,Adventure/Reality-TV,7,9
tt0905171,Moving In: Boston,1997,\N,\N,Drama/Reality-TV,7,6
tt0910248,Heat 1,1992,\N,\N,Action/Game-Show/Reality-TV,7,6
tt0173606,The World's Funniest!,1998,\N,\N,Comedy/Reality-TV,6.9,15
tt0266044,When Changing Rooms Met Ground Force II,2000,\N,\N,Reality-TV,6.9,8
tt0285362,Essence of Emeril,1996,2008,22,Reality-TV,6.9,43
tt0761328,The Merger,2000,\N,45,Adventure/Game-Show/Reality-TV,6.9,143
tt0140649,De uitdaging,1990,1998,\N,Reality-TV,6.8,5
tt0177440,Family Feud,1999,\N,30,Comedy/Game-Show/Reality-TV,6.8,2752
tt0246272,The 21 Hottest Stars Under 21,1999,\N,\N,Reality-TV,6.8,5
tt0264269,KÃ©sz ÃtverÃ©s Show,1999,\N,\N,Comedy/Reality-TV,6.8,52
tt0285372,Hot Off the Grill with Bobby Flay,1998,\N,\N,Reality-TV,6.8,13
tt0290373,Sexcetera,1998,\N,60,Reality-TV,6.8,143
tt0326468,Ibiza Uncovered,1998,\N,52,Reality-TV,6.8,42
tt0761323,Quest for Food,2000,\N,45,Adventure/Game-Show/Reality-TV,6.8,156
tt0761326,The Generation Gap,2000,\N,44,Adventure/Game-Show/Reality-TV,6.8,162
tt0795128,Hot On! Homes,2000,\N,\N,Reality-TV,6.8,5
tt0160999,The Tourist Trap,1998,\N,\N,Reality-TV,6.7,35
tt0299375,Robinson ekspeditionen,1998,\N,90,Adventure/Game-Show/Reality-TV,6.7,79
tt0369117,House Hunters,1999,\N,30,Reality-TV,6.7,1305
tt0397819,Police/ Camera/ Action,1994,\N,26,Crime/Reality-TV,6.7,47
tt0761320,Long Hard Days,2000,\N,45,Adventure/Game-Show/Reality-TV,6.7,139
tt0801935,Argentina,1996,\N,\N,Adventure/Reality-TV,6.7,7
tt0802045,West Africa: Ghana and the Ivory Coast,1998,\N,\N,Adventure/Reality-TV,6.7,6
tt0178123,America's Greatest Pets,1998,1999,\N,Family/Reality-TV,6.6,12
tt0189251,Changing Rooms,1997,2004,30,Family/Reality-TV,6.6,166
tt0233099,Challenge 2000: Stratos-Fear,2000,\N,30,Adventure/Game-Show/Reality-TV,6.6,36
tt0236900,Fuera de serie,1995,1998,30,Reality-TV,6.6,10
tt0237913,When Good Pets Go Bad,1999,\N,\N,Reality-TV,6.6,23
tt0281416,Animal Court,1998,2000,30,Reality-TV,6.6,25
tt0312129,ExpediciÃ³n Robinson,2000,\N,60,Adventure/Game-Show/Reality-TV,6.6,14
tt0401914,Boogie Woogie Kids Championship,1997,\N,\N,Game-Show/Music/Reality-TV,6.6,43
tt0761319,Death of an Alliance,2000,\N,45,Adventure/Game-Show/Reality-TV,6.6,141
tt0761321,Old and New Bonds,2000,\N,45,Adventure/Game-Show/Reality-TV,6.6,143
tt0761322,Pulling Your Own Weight,2000,\N,45,Adventure/Game-Show/Reality-TV,6.6,148
tt0761329,Thy Name Is Duplicity,2000,\N,45,Adventure/Game-Show/Reality-TV,6.6,143
tt0761330,Too Little/ Too Late?,2000,\N,45,Adventure/Game-Show/Reality-TV,6.6,148
tt0761331,Udder Revenge,2000,\N,45,Adventure/Game-Show/Reality-TV,6.6,144
tt0870390,Lapdance 101 with Jordan,2000,\N,\N,Reality-TV,6.6,5
tt0144048,Gladiators,1992,2000,60,Action/Game-Show/Reality-TV,6.5,940
tt0264245,Expedition: Robinson,1997,\N,60,Adventure/Game-Show/Reality-TV,6.5,179
tt0383761,Curb Appeal,1999,\N,\N,Reality-TV,6.5,41
tt0391606,Ground Breakers,1997,\N,30,Reality-TV,6.5,10
tt0545882,America's Most Wanted Crossover,2000,\N,\N,Action/Crime/Reality-TV,6.5,6
tt0761318,Crack in the Alliance,2000,\N,45,Adventure/Game-Show/Reality-TV,6.5,141
tt0800323,A Day in the Lives of 'Melrose Place',1994,\N,\N,Reality-TV,6.5,8
tt0180300,Weddings of a Lifetime,1995,\N,\N,Reality-TV,6.4,19
tt0271323,Tore pÃ¥ sporet,1996,\N,\N,Reality-TV,6.4,51
tt0284746,Kulturzeit,1995,\N,40,News/Reality-TV,6.4,28
tt0288387,Power of Attorney,2000,2002,\N,Reality-TV,6.4,9
tt0341864,Location/ Location/ Location,2000,\N,\N,Reality-TV,6.4,278
tt0372141,American Bounty Hunter,1996,\N,44,Crime/Drama/Reality-TV,6.4,5
tt0912682,Design Remix,1999,2007,30,Reality-TV,6.4,5
tt0114639,Taxicab Confessions,1995,\N,60,Comedy/Reality-TV,6.3,367
tt0115091,All Rise for Julian Clary,1996,1997,\N,Comedy/Reality-TV,6.3,15
tt0121029,Sylvania Waters,1992,\N,30,Documentary/Reality-TV,6.3,18
tt0155394,Police Videos,1998,2012,60,Action/Crime/Reality-TV,6.3,227
tt0217970,World's Scariest Police Chases...,1997,2002,\N,Reality-TV,6.3,35
tt0481444,Extreme Homes,1999,2002,\N,Reality-TV,6.3,18
tt0965939,Cucina Amore,1994,1998,\N,Reality-TV,6.3,7
tt0123357,The People's Court,1997,\N,60,Crime/Reality-TV,6.2,731
tt0190934,World's Most Amazing Videos,1999,\N,45,Reality-TV,6.2,198
tt0195498,A Taste of Life,1997,\N,30,Reality-TV,6.2,6
tt0282299,Fugitivos,2000,\N,\N,Game-Show/Reality-TV,6.2,5
tt0369154,Changing Rooms,2000,\N,27,Reality-TV,6.2,6
tt0385407,E! Fashion Emergency,1999,\N,\N,Reality-TV,6.2,8
tt0460585,Totally Nude Aerobics,1997,\N,120,Music/Reality-TV,6.2,187
tt0098750,Big Break,1990,\N,60,Game-Show/Music/Reality-TV,6.1,8
tt0185790,Better Homes and Gardens,1996,\N,46,Documentary/Reality-TV,6.1,51
tt0256552,G String Divas,2000,\N,30,Reality-TV,6.1,72
tt0270803,Shipwrecked,2000,\N,\N,Reality-TV,6.1,49
tt0278190,Expedition Robinson,1999,\N,\N,Adventure/Game-Show/Reality-TV,6.1,8
tt0292870,Wild On...,1997,\N,60,Reality-TV,6.1,126
tt0303951,Eco-Challenge Utah,1995,\N,50,Adventure/Reality-TV,6.1,7
tt0369106,Extra! Extra!,1999,\N,\N,Reality-TV,6.1,8
tt0370145,Greece Uncovered,1998,\N,\N,Reality-TV,6.1,23
tt0101038,American Detective,1991,1993,30,Crime/Reality-TV,6,16
tt0115227,Judge Judy,1996,2021,30,Crime/Reality-TV,6,3661
tt0175918,Mirror/ Mirror...,1996,\N,10,Comedy/Reality-TV/Short,6,11
tt0178146,Judge Mills Lane,1998,\N,\N,Reality-TV,6,27
tt0216234,Sports Illustrated: The 1993 Swimsuit Video,1993,\N,58,Reality-TV,6,26
tt0793125,North East Brazil,1994,\N,\N,Adventure/Reality-TV,6,6
tt0101033,The Adventures of Mark & Brian,1991,1992,30,Comedy/Reality-TV,5.9,25
tt0163176,The Real World Reunion,1995,\N,75,Reality-TV,5.9,77
tt0219453,Say What? Karaoke,1999,\N,30,Music/Reality-TV,5.9,46
tt0234894,Time Out with Britney Spears,1999,\N,53,Reality-TV,5.9,271
tt0261406,When Changing Rooms Met Ground Force,1999,\N,\N,Reality-TV,5.9,43
tt0274914,Survivor: The Reunion,2000,\N,43,Adventure/Game-Show/Reality-TV,5.9,209
tt0278249,Trading Spaces,2000,\N,60,Reality-TV,5.9,696
tt0281500,Treasure Island,1997,\N,30,Family/Game-Show/Reality-TV,5.9,30
tt0346225,Cero en conducta,1998,2003,30,Comedy/Reality-TV,5.9,52
tt0154059,Candid Camera,1998,\N,30,Comedy/Reality-TV,5.8,102
tt0211872,StreetMate,1998,\N,\N,Reality-TV,5.8,24
tt0213351,Just Kidding!,1992,1996,\N,Comedy/Reality-TV,5.8,25
tt0218748,Blind Date,1999,2006,30,Comedy/Reality-TV/Romance,5.8,349
tt0207280,Wild Things,1998,2000,60,Reality-TV,5.7,9
tt0227958,Susana GimÃ©nez,1998,\N,60,Music/Reality-TV/Talk-Show,5.7,81
tt0126222,Brutale meiden,1997,\N,\N,Reality-TV,5.6,9
tt0204113,You've Been Framed!,1990,\N,30,Comedy/Reality-TV,5.6,999
tt0252780,Postcards,1999,2008,30,News/Reality-TV,5.6,9
tt0260597,71Â° nord,1999,\N,50,Game-Show/Reality-TV,5.6,51
tt0346306,Judge Hatchett,2000,\N,60,Reality-TV,5.6,77
tt0370223,The Villa,1999,2004,52,Reality-TV,5.6,37
tt0466980,Shocking Behavior Caught on Tape: Part 1,1998,\N,\N,Reality-TV,5.6,5
tt0800313,Beverly Hills/ 90210: A Christmas Special,1994,\N,\N,Reality-TV,5.6,24
tt0344645,Fort Boyard,2000,\N,60,Adventure/Game-Show/Reality-TV,5.5,20
tt0375369,Lo que necesitas es amor,1993,1999,120,Reality-TV/Romance/Talk-Show,5.5,10
tt0457225,Behind Bars,1994,1995,30,Reality-TV,5.5,15
tt0830284,Club Connect,1995,1998,30,Reality-TV,5.5,17
tt0137313,Kids Say the Darndest Things,1998,2000,30,Comedy/Family/Reality-TV,5.4,208
tt0220735,Robinsonekspedisjonen,2000,\N,60,Adventure/Game-Show/Reality-TV,5.4,42
tt0346307,Judge Mathis,1998,\N,60,Reality-TV,5.4,473
tt0805812,Clever - Das Service Magazin,1999,2000,\N,Reality-TV,5.4,5
tt0207873,Candid Camera,1992,\N,\N,Reality-TV,5.3,6
tt0238807,Split Screen,1997,2000,\N,Reality-TV/Talk-Show,5.3,46
tt0251497,Big Brother,2000,\N,44,Game-Show/Reality-TV,5.3,9424
tt0305473,Ã„ntligen hemma,1997,\N,30,Reality-TV,5.3,44
tt0476261,Iki Haole: Nico's Hawaiian Adventure,1995,\N,53,Reality-TV,5.3,38
tt0331396,Handsome Reward,1999,\N,\N,Adventure/Game-Show/Reality-TV,5.2,20
tt0101057,Candid Camera,1991,\N,30,Comedy/Reality-TV,5.1,80
tt0276656,Cribs,2000,\N,30,Music/Reality-TV,5.1,1533
tt0177399,You're Invited to Mary-Kate & Ashley's Costume Party,1998,\N,23,Family/Music/Reality-TV,5,90
tt0177458,Road Rules,1995,2007,30,Adventure/Game-Show/Reality-TV,5,477
tt0287201,Change of Heart,1998,2003,\N,Game-Show/Reality-TV/Romance,5,38
tt0103520,The Real World,1992,\N,30,Drama/Reality-TV,4.9,3710
tt0380144,Supervivientes,2000,2001,90,Adventure/Game-Show/Reality-TV,4.9,7
tt0778703,Girls Gone Wild on Campus,2000,\N,\N,Reality-TV,4.9,22
tt0180954,The Real World You Never Saw,1997,\N,45,Documentary/Reality-TV,4.8,28
tt0335120,Girls Gone Wild: Sexy Sorority Sweethearts,2000,\N,45,Reality-TV,4.8,64
tt0338614,House Doctor,1998,\N,25,Reality-TV,4.8,93
tt0373865,Girls Gone Wild: College Spring Break,1999,\N,59,Reality-TV,4.8,66
tt0475905,Coast Guard,1995,1997,\N,Reality-TV,4.8,5
tt0859216,Atlanta's Best New Homes,1998,\N,30,Reality-TV,4.8,5
tt0163927,Die Anrheiner,1998,\N,25,Drama/Family/Reality-TV,4.7,17
tt0185087,Martha Stewart Living,1996,2004,60,Reality-TV,4.7,102
tt0211134,America's Dumbest Criminals,1996,\N,\N,Crime/Reality-TV,4.7,101
tt0243688,Backyard Blitz,2000,\N,\N,Reality-TV,4.7,35
tt0250878,Het leven zoals het is...,1993,\N,5,Reality-TV,4.7,6
tt0268792,Curtis Court,2000,2001,30,Reality-TV,4.7,7
tt0249044,Naked News,1999,\N,60,Comedy/News/Reality-TV,4.6,710
tt0252126,Bare Necessities,2000,\N,\N,Adventure/Game-Show/Reality-TV,4.6,9
tt0259814,Taxi Orange,2000,\N,\N,Reality-TV,4.6,20
tt0270118,Cheaters,2000,\N,30,Reality-TV,4.6,1318
tt0289640,Alfredissimo! - Kochen mit Bio,1994,\N,46,Reality-TV/Talk-Show,4.6,63
tt0465341,Matchmaker,1999,2008,30,Reality-TV,4.6,14
tt0480085,Bitte lÃ¤cheln,1990,1998,\N,Comedy/Reality-TV,4.6,17
tt0981205,Junior Masterchef,1994,1999,\N,Game-Show/Reality-TV,4.6,7
tt0243693,Crush,2000,\N,30,Game-Show/Reality-TV/Romance,4.5,8
tt0267151,Australia's Funniest Home Video Show,1990,2014,60,Comedy/Reality-TV,4.5,127
tt0268835,Moral Court,2000,2001,\N,Family/Reality-TV,4.5,26
tt0375453,Sorpresa/ Â¡Sorpresa!,1996,1999,180,Reality-TV,4.5,15
tt0500145,The Real World You Never Saw: Hawaii,1999,\N,50,Reality-TV,4.5,64
tt0793312,All You Need Is Love,1994,\N,90,Reality-TV,4.5,11
tt0220918,Mitre 10 Dream Home,1999,\N,\N,Reality-TV,4.4,5
tt0277500,Muldvarpen,2000,\N,60,Game-Show/Reality-TV,4.4,8
tt0320021,The Great Outdoors,1992,\N,30,Reality-TV,4.4,18
tt0401604,MTV Fashionably Loud: Spring Break/ Cancun 2000,2000,\N,30,Reality-TV/Short,4.4,7
tt0235927,Judge Joe Brown,1998,\N,\N,Crime/Reality-TV,4.3,376
tt0465873,TelepasiÃ³n espaÃ±ola,1990,2019,120,Comedy/Music/Reality-TV,4.3,19
tt0497315,Versteckte Kamera,1996,2003,45,Comedy/Family/Reality-TV,4.3,16
tt0848671,All You Need Is Love,1992,2017,60,Reality-TV/Romance,4.3,23
tt0257295,Big Brother: UK,2000,\N,60,Game-Show/Reality-TV,4.2,2600
tt0375421,QuiÃ©n sabe dÃ³nde,1992,1998,100,Reality-TV,4.2,9
tt0282291,Divorce Court,1999,2020,30,Reality-TV,4.1,237
tt0347079,Girls Gone Wild: College Girls Exposed,2000,\N,54,Reality-TV,4.1,107
tt0996108,Man O Man,1994,\N,60,Game-Show/Reality-TV,4.1,7
tt0187625,Better Homes,1999,\N,27,Game-Show/Reality-TV,4,7
tt0236907,Making the Band,2000,2002,\N,Music/Reality-TV,4,129
tt0480858,CotÃ© maison,1995,\N,\N,Reality-TV,4,5
tt0786848,Perdoa-me,1994,1995,90,Reality-TV,4,7
tt0202547,The Real World You Never Saw: Boston + Seattle,1998,\N,70,Documentary/Reality-TV,3.9,18
tt0125611,Busted on the Job: Caught on Tape,1996,\N,\N,Reality-TV,3.8,10
tt0283779,Popstars: Germany,2000,\N,\N,Music/Reality-TV,3.8,84
tt0261467,CsÃ­Ã­Ã­z,1998,2001,\N,Comedy/Reality-TV,3.6,14
tt0437731,Mission: Makeover,1998,2002,30,Family/Reality-TV,3.6,5
tt0489357,Notruf,1992,\N,\N,Reality-TV,3.6,23
tt0243082,Popstars,2000,2004,30,Music/Reality-TV,3.5,49
tt0177998,The Real World Vacations: Behind the Scenes,1995,\N,40,Documentary/Reality-TV/Short,3.4,19
tt0281418,Baren,2000,\N,25,Family/Reality-TV,3.4,31
tt0277532,Villa Medusa,1999,2001,44,Game-Show/Reality-TV,3.2,11
tt0488681,Caruso Show,1997,\N,\N,Reality-TV,3.1,16
tt0112136,The Real World Stockholm,1995,\N,\N,Reality-TV,3,8
tt0383754,Cita con la vida,1993,1996,90,Reality-TV/Talk-Show,3,7
tt0353041,Big Brother,1999,\N,\N,Game-Show/Reality-TV,2.9,133
tt0259131,De bus,2000,\N,\N,Reality-TV,2.8,12
tt0984952,Videotreffit,1999,\N,\N,Reality-TV,2.8,12
tt0262149,Big Brother,2000,\N,\N,Game-Show/Reality-TV,2.7,82
tt0273331,Big Brother,2000,\N,30,Game-Show/Reality-TV,2.7,128
tt0480231,American Families,1991,\N,\N,Reality-TV,2.7,6
tt0140724,Arabella,1994,2004,45,Family/Reality-TV/Talk-Show,2.5,65
tt0997024,Miss Italia nel mondo,1991,\N,120,Music/Reality-TV/Talk-Show,2.5,11
tt0246348,Abnehmen in Essen,2000,\N,\N,Documentary/Reality-TV,2.4,8
tt0385382,El bus,2000,\N,120,Game-Show/Reality-TV,2.4,12
tt0262163,Gran hermano,2000,\N,\N,Game-Show/Reality-TV,2.2,155
tt0245603,Big Brother,2000,\N,\N,Game-Show/Reality-TV,2,289
tt0261474,Grande fratello,2000,\N,180,Game-Show/Reality-TV,1.9,109
tt0478538,VidÃ©o gag,1990,\N,\N,Comedy/Reality-TV,1.9,27
tt0277468,Baren,2000,\N,\N,Reality-TV,1.7,15
tt0241059,Who Wants to Marry a Multi-Millionaire?,2000,\N,\N,Reality-TV/Romance,1.3,167
tt0268066,Big Brother VIPS,2000,\N,\N,Game-Show/Reality-TV,1.2,19
tt0120983,Love Stories,1991,\N,30,Reality-TV/Romance,,
tt0125654,World's Deadliest Sea Creatures,1998,\N,\N,Documentary/Reality-TV,,
tt0131170,Holiday Reps,1997,\N,30,Reality-TV,,
tt0134408,California Bikini Classic!,1990,\N,42,Reality-TV,,
tt0139764,Blushing Brides,1998,\N,30,Reality-TV,,
tt0162597,Reel Life,1993,\N,83,Adult/Reality-TV,,
tt0163934,Eten bij de buren,1995,\N,\N,Reality-TV,,
tt0166449,Mitre 10 Changing Rooms,1998,\N,\N,Reality-TV,,
tt0174384,Comics on Delivery,1997,\N,30,Comedy/Reality-TV,,
tt0202834,Close Calls 2: Cheating Death,1997,\N,\N,Documentary/Reality-TV,,
tt0220359,Chefs of Cucina Amore,1999,\N,\N,Reality-TV,,
tt0224894,Incredible Vacation Videos,1999,2002,\N,Reality-TV,,
tt0229897,Eye Spy,1995,1998,30,Crime/Documentary/Reality-TV,,
tt0238622,Spring Break Blast,1995,\N,\N,Reality-TV,,
tt0242246,40 Years of Adventures,1995,\N,45,Reality-TV,,
tt0243057,Better Gardens,2000,\N,30,Game-Show/Reality-TV,,
tt0243721,Paranoia,2000,\N,60,Game-Show/Reality-TV,,
tt0244910,Love Rules,2000,\N,\N,Reality-TV/Romance,,
tt0251565,The 25 Hottest Stars Under 25,2000,\N,\N,Reality-TV,,
tt0271966,Ant and Dec's Secret Camera Show,2000,\N,\N,Reality-TV,,
tt0272353,Walt Disney World Journey Into Magic,1993,\N,44,Reality-TV/Short,,
tt0284638,When Disasters Strike,1996,\N,\N,Documentary/Reality-TV,,
tt0292857,TopX,1999,\N,\N,Action/Reality-TV,,
tt0295786,Kaviaar met pruimen,2000,\N,\N,Reality-TV,,
tt0295808,Popstars,2000,\N,88,Music/Reality-TV,,
tt0297517,Casino,1990,\N,\N,Game-Show/Reality-TV,,
tt0335624,Big Strong Boys,1999,2004,\N,Reality-TV,,
tt0342841,Noel's Garden Party,1993,\N,42,Comedy/Reality-TV,,
tt0365970,Det 3. hjul,2000,\N,\N,Reality-TV,,
tt0374403,Hot Summer Down Under,1998,\N,\N,Reality-TV,,
tt0374418,Manhattan on the Beach,2000,\N,26,Reality-TV,,
tt0377202,Jones & Jury,1994,\N,60,Reality-TV,,
tt0381787,Noche de impacto,1998,2005,60,Reality-TV,,
tt0381801,Se busca,1995,1996,90,Reality-TV,,
tt0381824,Veredicto,1994,1995,30,Reality-TV,,
tt0383141,Robinson ekspeditionen - Special,2000,\N,\N,Reality-TV,,
tt0386635,Miss BelgiÃ« 1995,1995,\N,\N,Reality-TV,,
tt0386641,Miss BelgiÃ« 2001,2000,\N,\N,Reality-TV,,
tt0391694,Tales from the Back Seat,1997,\N,\N,Documentary/Reality-TV,,
tt0404628,Maj Fant,1993,1996,45,Reality-TV/Talk-Show,,
tt0415441,Now Who's Boss?,2000,\N,\N,Reality-TV,,
tt0420420,Landscape Smart,2000,\N,\N,Reality-TV,,
tt0421104,The Living Soap,1993,\N,30,Documentary/Reality-TV,,
tt0442707,Tribe TV,1997,\N,25,News/Reality-TV/Short,,
tt0446172,Shocking Behavior Caught on Tape: Part 2,1998,\N,60,Reality-TV,,
tt0446193,World's Funniest Party Disasters: Part 1,1996,\N,60,Comedy/Reality-TV,,
tt0446195,World's Most Amazing Animal Rescues: Part 2,1997,\N,60,Reality-TV,,
tt0446600,The Superstars,1999,\N,120,Reality-TV,,
tt0452922,Wow Mali!,1996,\N,\N,Comedy/Reality-TV,,
tt0466623,Skin Deep,2000,2005,\N,Reality-TV,,
tt0472010,Lafers Himmel un Erd,1998,2006,30,Reality-TV,,
tt0473071,Peacemaker,1995,\N,60,Documentary/Reality-TV,,
tt0480338,Ataxia,1992,\N,18,Action/Drama/Reality-TV,,
tt0484965,The Bikini Open 3,1992,\N,\N,Reality-TV,,
tt0485062,Country Style,2000,\N,\N,Reality-TV,,
tt0485350,World's Most Astounding Undercover Stings,1999,\N,\N,Reality-TV,,
tt0489432,Spencer Christian's Wine Cellar,1995,1999,\N,Reality-TV,,
tt0490280,Elite Model's Look of the Year,1993,\N,\N,Reality-TV,,
tt0490301,Puerto Rican Day Parade 2000,2000,\N,180,Reality-TV,,
tt0490761,Vacation SOS,2000,2003,\N,Reality-TV,,
tt0490913,The Energetics of Healing,1997,\N,180,Documentary/Reality-TV,,
tt0496887,Where Are They Now,1996,\N,\N,Reality-TV,,
tt0498959,Dreams Come True,1998,1999,\N,Reality-TV,,
tt0508479,Helmut Berger,1999,\N,\N,Reality-TV/Talk-Show,,
tt0511333,Silo Crash,1992,\N,\N,Comedy/Family/Reality-TV,,
tt0511809,Pressure High,2000,\N,\N,Reality-TV,,
tt0513531,Back to the Roots,1998,\N,\N,Drama/Family/Reality-TV,,
tt0513532,Beste Freunde,2000,\N,\N,Drama/Family/Reality-TV,,
tt0513533,Der beste Ort der Welt,2000,\N,\N,Drama/Family/Reality-TV,,
tt0513534,Der blinde Passagier,1998,\N,\N,Drama/Family/Reality-TV,,
tt0513535,Dummheiten,1998,\N,\N,Drama/Family/Reality-TV,,
tt0513536,Ein Schlag ins Gesicht,1999,\N,\N,Drama/Family/Reality-TV,,
tt0513540,MiÃŸratene SÃ¶hne,1999,\N,\N,Drama/Family/Reality-TV,,
tt0513541,Parties und Pannen,2000,\N,\N,Drama/Family/Reality-TV,,
tt0513542,RÃ¼ckblende,2000,\N,\N,Drama/Family/Reality-TV,,
tt0513544,Schuld und ZÃ¤hne,1998,\N,\N,Drama/Family/Reality-TV,,
tt0513545,Schwein gehabt,1998,\N,\N,Drama/Family/Reality-TV,,
tt0513546,Wem die Stunde schlÃ¤gt,2000,\N,\N,Drama/Family/Reality-TV,,
tt0526980,Pilot,1999,\N,\N,Comedy/Reality-TV/Romance,,
tt0535947,3376-A,1992,\N,\N,Comedy/Reality-TV,,
tt0535952,Coffee Shop,1998,\N,\N,Comedy/Reality-TV,,
tt0538546,Change of Heart,2000,\N,\N,Game-Show/Reality-TV/Romance,,
tt0540874,Italian Influences,1999,\N,\N,Reality-TV,,
tt0540875,Mars vs. Venus,2000,\N,\N,Reality-TV,,
tt0540877,Runway Chic,2000,\N,\N,Reality-TV,,
tt0540878,Savvy Sourcing,2000,\N,\N,Reality-TV,,
tt0540880,The Creativity Show,2000,\N,\N,Reality-TV,,
tt0540881,Use What You've Got,1999,\N,\N,Reality-TV,,
tt0540882,Wall to Wall Magic,1999,\N,\N,Reality-TV,,
tt0545884,New Orleans: Mardi Gras 2,1990,\N,\N,Action/Crime/Reality-TV,,
tt0545885,Texas 1,1998,\N,\N,Action/Crime/Reality-TV,,
tt0574441,Extra! Extra!,1999,\N,\N,Reality-TV,,
tt0575808,Lady Lisa,2000,\N,\N,Reality-TV,,
tt0581750,Comedy,2000,\N,\N,Adventure/Game-Show/Reality-TV,,
tt0683722,Bakersfield,1994,\N,\N,Reality-TV,,
tt0683723,Colonial Parkway Killer,1996,\N,\N,Reality-TV,,
tt0683724,Colorado,1996,\N,\N,Reality-TV,,
tt0683727,Ricki Stryker Story,1996,\N,\N,Reality-TV,,
tt0683728,Bill Murray Sand Trap,1999,\N,\N,Documentary/News/Reality-TV,,
tt0683729,Road Rules 4 Final Mission,1997,\N,\N,Documentary/News/Reality-TV,,
tt0683808,Challenge 2000: Wheel of Wrestling,2000,\N,\N,Adventure/Game-Show/Reality-TV,,
tt0683809,Challenge 2000: Snake Wrangling,2000,\N,\N,Adventure/Game-Show/Reality-TV,,
tt0687143,Club Sandwiches Not Seals,1998,\N,\N,Adventure/Game-Show/Reality-TV,,
tt0687145,Road Rules on All My Children,1997,\N,\N,Adventure/Game-Show/Reality-TV,,
tt0691841,Battle Kinka Pork,1998,\N,\N,Game-Show/Reality-TV,,
tt0691842,Battle Lotus Root,1995,\N,\N,Game-Show/Reality-TV,,
tt0691843,Battle Oyster,1995,\N,\N,Game-Show/Reality-TV,,
tt0691844,Suckling Pig,1999,\N,\N,Game-Show/Reality-TV,,
tt0691845,New York Battle,2000,\N,\N,Game-Show/Reality-TV,,
tt0707129,Breakthrough Screenwriting,1997,\N,\N,Reality-TV/Talk-Show,,
tt0707132,Errol Morris Rocks/ Gators Chomp,1997,\N,\N,Reality-TV/Talk-Show,,
tt0707133,Kuchar Kuts Loose,1998,\N,\N,Reality-TV/Talk-Show,,
tt0707135,Christopher Walken Cooks,1999,\N,\N,Reality-TV/Talk-Show,,
tt0713808,2000 Mother's Day Special,2000,\N,\N,Reality-TV,,
tt0719232,Los musicales cinematogrÃ¡ficos,1991,\N,\N,Comedy/Music/Reality-TV,,
tt0719233,Â¡Oh/ yeah!,1993,\N,\N,Comedy/Music/Reality-TV,,
tt0719234,No hay Navidad sin TelepasiÃ³n,1994,\N,\N,Comedy/Music/Reality-TV,,
tt0719235,Una noche en el Roxy,1995,\N,\N,Comedy/Music/Reality-TV,,
tt0719236,Recordando a Disney,1996,\N,\N,Comedy/Music/Reality-TV,,
tt0719237,TelepasiÃ³n por bailar,1997,\N,\N,Comedy/Music/Reality-TV,,
tt0719238,El programa del siglo,1998,\N,\N,Comedy/Music/Reality-TV,,
tt0719239,La magia de la televisiÃ³n,2000,\N,\N,Comedy/Music/Reality-TV,,
tt0731864,Baby Man II,1990,\N,\N,Comedy/Reality-TV,,
tt0731865,Deputy Spy,1991,\N,\N,Comedy/Reality-TV,,
tt0731866,Esther Does Encino,1990,\N,\N,Comedy/Reality-TV,,
tt0731867,Fibber McGee,1990,\N,\N,Comedy/Reality-TV,,
tt0731868,Sloppy Joes,1991,\N,\N,Comedy/Reality-TV,,
tt0731869,The Invisible Friend,1991,\N,\N,Comedy/Reality-TV,,
tt0731870,The Magic Store,1991,\N,\N,Comedy/Reality-TV,,
tt0740223,10 ans de fous rires,1999,\N,\N,Comedy/Reality-TV,,
tt0740224,AllÃ´ le futur/ ici VidÃ©o Gag,2000,\N,\N,Comedy/Reality-TV,,
tt0740226,La grande fÃªte de VidÃ©o Gag: Les vacances sont finies/ vive la rentrÃ©e,1998,\N,\N,Comedy/Reality-TV,,
tt0740227,La grande fÃªte de VidÃ©o Gag,1998,\N,\N,Comedy/Reality-TV,,
tt0740228,Le bilan de vos amours de vacances,2000,\N,\N,Comedy/Reality-TV,,
tt0748394,Park City,2000,\N,\N,Reality-TV,,
tt0748395,Sex on South Beach,1998,\N,\N,Reality-TV,,
tt0748403,Wild on Thailand,1999,\N,\N,Reality-TV,,
tt0748404,Wild on Tinseltown,2000,\N,\N,Reality-TV,,
tt0748409,Wild on the Sunshine State,2000,\N,\N,Reality-TV,,
tt0750605,Tribute to Mothers,1999,\N,\N,Comedy/Reality-TV,,
tt0750607,34,2000,\N,\N,Action/Crime/Reality-TV,,
tt0757492,Self Defense,1994,\N,\N,Reality-TV/Talk-Show,,
tt0758026,The Sex Show,1996,1998,15,Reality-TV,,
tt0761569,Puerto Rico,1998,\N,\N,Reality-TV,,
tt0763485,World Food: Vietnam,2000,\N,\N,Adventure/Reality-TV,,
tt0774111,Payback,1992,\N,30,Reality-TV/Short,,
tt0783432,Lucky 7: Let It Ride,2000,\N,\N,Comedy/Reality-TV,,
tt0786313,Schwere Entscheidung,2000,\N,\N,Drama/Family/Reality-TV,,
tt0787459,Dreams Do Come True,1998,\N,\N,Reality-TV,,
tt0790494,Going Home,2000,\N,30,Reality-TV,,
tt0791351,Verdict,2000,\N,\N,Reality-TV,,
tt0791380,Meridiano X,2000,\N,60,Adventure/Reality-TV,,
tt0793362,Surprise Show,1995,1996,90,Reality-TV,,
tt0794410,Kain und Abel,1998,\N,\N,Drama/Family/Reality-TV,,
tt0796292,New York: On the Edge,1996,\N,15,Reality-TV,,
tt0801950,Cuba & Haiti,1996,\N,\N,Adventure/Reality-TV,,
tt0801958,Ethiopia,1996,\N,\N,Adventure/Reality-TV,,
tt0801959,Finland and the Baltic States,1998,\N,\N,Adventure/Reality-TV,,
tt0801966,Hungary & Romania,1996,\N,\N,Adventure/Reality-TV,,
tt0801978,Malaysia & Southern Thailand,1999,\N,\N,Adventure/Reality-TV,,
tt0801993,Northern Spain,1996,\N,\N,Adventure/Reality-TV,,
tt0801995,Outback Australia,1996,\N,\N,Adventure/Reality-TV,,
tt0801997,Pakistan,1996,\N,\N,Adventure/Reality-TV,,
tt0802001,Peru,1996,\N,\N,Adventure/Reality-TV,,
tt0802002,Philippines,1996,\N,\N,Adventure/Reality-TV,,
tt0802010,South Africa & Lesotho,1996,\N,\N,Adventure/Reality-TV,,
tt0802016,South West USA,1996,\N,\N,Adventure/Reality-TV,,
tt0802022,Southern Spain,1999,\N,\N,Adventure/Reality-TV,,
tt0802028,Trekking in Uganda & the Congo,1996,\N,\N,Adventure/Reality-TV,,
tt0810730,VH1's Karaoke Cabaret,1999,2000,\N,Reality-TV,,
tt0811593,HÃ¶llische Nachbarn - Vorsicht Kamera,1999,\N,\N,Reality-TV,,
tt0814363,Trial and Error,1992,\N,60,Reality-TV,,
tt0814371,Ultimate Winter Vacation,1995,\N,\N,Music/Reality-TV,,
tt0818545,Candid Camera Across America,1997,\N,\N,Reality-TV,,
tt0818547,When Cameras Cross the Line,2000,\N,\N,Reality-TV,,
tt0818644,Reinhard Bonnke,1995,1998,28,Reality-TV,,
tt0818645,Traveling Lite,1995,1999,28,Reality-TV,,
tt0819958,Auf Leben und Tod - Polizeiasse im Einsatz,1993,\N,\N,Reality-TV,,
tt0820155,Paris,1995,\N,28,Reality-TV,,
tt0822873,The World's Biggest Lies,1992,\N,\N,Reality-TV,,
tt0827178,Fantasies of the Stars,1994,\N,\N,Reality-TV,,
tt0828136,Will You Marry Me?,1994,\N,\N,Reality-TV,,
tt0828398,Hevron: We Are Back Forever,1994,\N,28,Reality-TV/Short,,
tt0829975,Alpharetta: Providence Oaks,2000,\N,\N,Reality-TV,,
tt0829976,Athens: County Road,2000,\N,60,Reality-TV,,
tt0829979,Lawrenceville: Pine Lane,2000,\N,\N,Reality-TV,,
tt0830037,Fiddler on the Roof,1994,\N,\N,Reality-TV,,
tt0832150,Buckhead: Canter Road,2000,\N,\N,Reality-TV,,
tt0832161,Washington/ D.C.: Cleveland Park,2000,\N,\N,Reality-TV,,
tt0832812,Alexandria: Riefton Court,2000,\N,\N,Reality-TV,,
tt0836217,Crimes of Obedience,2000,\N,51,Documentary/Reality-TV,,
tt0836218,Following the Herd,2000,\N,52,Documentary/Reality-TV,,
tt0836522,Annapolis: Fox Hollow,2000,\N,\N,Reality-TV,,
tt0836530,Philadelphia: Strathmore Road,2000,\N,\N,Reality-TV,,
tt0836727,Food Fantasy,2000,2001,\N,Reality-TV,,
tt0840344,Just What I Wanted,1995,\N,30,Reality-TV/Short,,
tt0841426,Arabella auf RÃ¼gen,1996,\N,\N,Family/Reality-TV/Talk-Show,,
tt0844421,Brief Encounters,2000,\N,51,Documentary/Reality-TV,,
tt0845123,DetrÃ¡s de la aventura,1998,\N,30,Adventure/Documentary/Reality-TV,,
tt0846819,Hip Hop: Part 2,2000,\N,25,Music/Reality-TV,,
tt0849429,Best Wishes with Ringo Starr,1993,\N,\N,Reality-TV,,
tt0851225,HÃ¶r endlich auf zu lÃ¼gen,2000,\N,\N,Family/Reality-TV/Talk-Show,,
tt0870037,Going/ Going/ Gone,2000,\N,30,Reality-TV,,
tt0870391,No Strings Attached,2000,\N,\N,Reality-TV,,
tt0874655,Pilot,1993,\N,\N,Reality-TV,,
tt0885372,Te cachÃ©,1996,\N,30,Comedy/Reality-TV,,
tt0885548,Sacramento County Sheriff's Dept.,1991,\N,\N,Crime/Reality-TV,,
tt0891162,Reverse Speech,1999,\N,\N,Reality-TV/Talk-Show,,
tt0899125,Subaru Primal Quest/ San Juan Islands,1994,\N,360,Adventure/Game-Show/Reality-TV,,
tt0899301,When Disasters Strike II,1997,\N,45,Documentary/Reality-TV,,
tt0908460,Battle of the Champions,1996,\N,\N,Action/Game-Show/Reality-TV,,
tt0908461,International Gladiators 2: Heat 1,1996,\N,50,Action/Game-Show/Reality-TV,,
tt0910466,Black & White,1997,\N,\N,Drama/Reality-TV,,
tt0910467,Religion,1997,\N,\N,Drama/Reality-TV,,
tt0910664,Heat 2,1992,\N,\N,Action/Game-Show/Reality-TV,,
tt0911719,Heat 3,1992,\N,\N,Action/Game-Show/Reality-TV,,
tt0911720,Heat 4,1992,\N,\N,Action/Game-Show/Reality-TV,,
tt0913254,200 Things a Guy Has to Be to Date Kameelah,1997,\N,\N,Drama/Reality-TV,,
tt0913255,Blast from the Past,1997,\N,41,Drama/Reality-TV,,
tt0913256,Elka's Shell,1997,\N,\N,Drama/Reality-TV,,
tt0913653,Heat 5,1992,\N,\N,Action/Game-Show/Reality-TV,,
tt0914176,Heat 6,1992,\N,\N,Action/Game-Show/Reality-TV,,
tt0914448,Your Adventure Starts Here,2000,\N,\N,Family/Reality-TV,,
tt0914581,Semi Final 1,1992,\N,\N,Action/Game-Show/Reality-TV,,
tt0914994,48th Annual Miss USA Pageant,1999,\N,120,Reality-TV,,
tt0917010,Final,1992,\N,\N,Action/Game-Show/Reality-TV,,
tt0917011,Heat 1,1993,\N,\N,Action/Game-Show/Reality-TV,,
tt0917012,Heat 2,1993,\N,\N,Action/Game-Show/Reality-TV,,
tt0917013,Heat 3,1993,\N,\N,Action/Game-Show/Reality-TV,,
tt0917014,Semi Final 2,1992,\N,\N,Action/Game-Show/Reality-TV,,
tt0918747,Heat 4,1993,\N,\N,Action/Game-Show/Reality-TV,,
tt0918843,Dating Policy,1997,\N,\N,Drama/Reality-TV,,
tt0918845,He Loves Me/ She Loves Me Not,1997,\N,\N,Drama/Reality-TV,,
tt0918846,If a Tree Falls in the Firehouse/ Will Anyone Not Hear It?,1997,\N,\N,Drama/Reality-TV,,
tt0918847,The Girls in the House/ the Girl Out of the Closet,1997,\N,\N,Drama/Reality-TV,,
tt0918946,Don't Look Under This Sequined Tee with Anyone Else But Me,1997,\N,\N,Drama/Reality-TV,,
tt0921219,Heat 5,1993,\N,\N,Action/Game-Show/Reality-TV,,
tt0923202,Heat 6,1993,\N,\N,Action/Game-Show/Reality-TV,,
tt0924650,Heat 7,1993,\N,\N,Action/Game-Show/Reality-TV,,
tt0925385,Heat 8,1993,\N,\N,Action/Game-Show/Reality-TV,,
tt0927293,Quarter Final 1,1993,\N,\N,Action/Game-Show/Reality-TV,,
tt0927294,Quarter Final 2,1993,\N,\N,Action/Game-Show/Reality-TV,,
tt0929531,Urban Golf Wear Help,1997,\N,\N,Comedy/Reality-TV,,
tt0933996,Boogie Nights,2000,\N,\N,Reality-TV,,
tt0933997,Who Am I?,2000,\N,\N,Reality-TV,,
tt0933998,You Only Live Once,2000,\N,\N,Reality-TV,,
tt0934042,Heeley City Farm (Sheffield),1992,\N,\N,Reality-TV,,
tt0934043,Jetty on the Isles of Scilly,1990,\N,\N,Reality-TV,,
tt0934044,Lion Sanctuary in Kent,1995,\N,\N,Reality-TV,,
tt0934045,Monkey Ape and Rescue Centre,1991,\N,\N,Reality-TV,,
tt0934046,Soup Kitchen in St Martin in the Fields,1993,\N,\N,Reality-TV,,
tt0934048,Romanian Orphanage,1990,\N,\N,Reality-TV,,
tt0934049,STAY Project Hostel for the Homeless,1991,\N,\N,Reality-TV,,
tt0934050,Thames Boat,1990,\N,\N,Reality-TV,,
tt0941352,Charlie,1999,\N,\N,Reality-TV,,
tt0941353,Trouble on the Hoof,1999,\N,\N,Reality-TV,,
tt0942502,Battle of the Gladiators,1993,\N,\N,Action/Game-Show/Reality-TV,,
tt0942529,Hypnotic World of Paul McKenna,1995,\N,\N,Comedy/Reality-TV/Sci-Fi,,
tt0942530,Hypnotic World of Paul McKenna,1996,\N,\N,Comedy/Reality-TV/Sci-Fi,,
tt0943645,The Grand Final,1994,\N,\N,Action/Game-Show/Reality-TV,,
tt0944238,Television's Greatest Performances II,1995,\N,\N,Reality-TV,,
tt0945017,Pincushion,1991,\N,\N,Comedy/Reality-TV,,
tt0948259,Heat 1,1994,\N,\N,Action/Game-Show/Reality-TV,,
tt0951767,Heat 2,1994,\N,\N,Action/Game-Show/Reality-TV,,
tt0954659,Heat 3,1994,\N,\N,Action/Game-Show/Reality-TV,,
tt0955205,New Orleans Move-in,2000,\N,\N,Drama/Reality-TV,,
tt0956065,Live from AT&T Bell Labs,1993,1994,60,Reality-TV/Talk-Show,,
tt0959289,Blast Off,2000,\N,60,Reality-TV,,
tt0960375,Heat 4,1994,\N,\N,Action/Game-Show/Reality-TV,,
tt0961871,Animals Strike Back!,2000,\N,\N,Crime/Reality-TV,,
tt0962116,Earth: The World's Most Dangerous Planet!,2000,\N,\N,Crime/Reality-TV,,
tt0962117,Extreme Sports Psychos,2000,\N,\N,Crime/Reality-TV,,
tt0962118,Extremely Lucky Dudes,2000,\N,\N,Crime/Reality-TV,,
tt0962120,Greatest Hits,2000,\N,\N,Crime/Reality-TV,,
tt0962124,I Fought the Law,2000,\N,\N,Crime/Reality-TV,,
tt0962126,It Coulda Been Worse!,2000,\N,\N,Crime/Reality-TV,,
tt0962132,Nasty/ Nasty Critters,2000,\N,\N,Crime/Reality-TV,,
tt0962138,Rescue Me!,2000,\N,\N,Crime/Reality-TV,,
tt0962144,That's Gotta Hurt!,2000,\N,\N,Crime/Reality-TV,,
tt0962155,Wipeouts!,2000,\N,\N,Crime/Reality-TV,,
tt0962758,Christmas Miracles,1997,\N,60,Reality-TV,,
tt0963866,Confesiones,1994,1995,50,Reality-TV,,
tt0964458,Cincinnati: Melrose Avenue,2000,\N,\N,Reality-TV,,
tt0964463,Knoxville: 4th & Gill,2000,\N,\N,Reality-TV,,
tt0964464,Knoxville: Courtney Oak,2000,\N,\N,Reality-TV,,
tt0964465,Knoxville: Forest Glen,2000,\N,\N,Reality-TV,,
tt0964478,Philadelphia: Galahad Road,2000,\N,\N,Reality-TV,,
tt0964479,Philadelphia: Valley Road,2000,\N,\N,Reality-TV,,
tt0964959,Sweet Dreams,2000,\N,30,Reality-TV,,
tt0964993,EPCOT International Flower & Garden Festival,1999,\N,60,Reality-TV,,
tt0965001,On Location: The International Housewares Show,1999,\N,47,Reality-TV,,
tt0965011,What's New: Kitchen & Bath,1999,\N,47,Reality-TV,,
tt0973389,Pet Expert,1994,\N,\N,Reality-TV/Talk-Show,,
tt0979230,Wild on the Bermuda Triangle,1997,\N,39,Reality-TV,,
tt0980542,La hora de Pau,1997,1999,45,Reality-TV/Talk-Show,,
tt0981242,Die frechsten SeitensprÃ¼nge der Welt,2000,\N,60,Reality-TV,,
tt0983860,Hollywood Spirituality,1998,\N,\N,Reality-TV,,
tt0987536,Preview: The Best of the New,1990,\N,30,Reality-TV,,
tt0988826,Pochitama,2000,\N,\N,Reality-TV,,
tt0988934,Uchimura Produce,2000,2005,\N,Reality-TV,,
tt0990311,Wild on the Wild West,1999,\N,39,Reality-TV,,
tt0995339,Liquid Silver,2000,\N,\N,Reality-TV,,
tt0995940,DIY Playgrounds,2000,\N,22,Reality-TV,,
tt1000692,Young/ Gifted and Broke,1999,2001,\N,Reality-TV,,
tt10022688,Elite Model Look of the Year,1996,\N,125,Reality-TV,,
tt1003388,Your Favorite Girl Next Door,2000,2001,30,Reality-TV,,
tt10068992,English Premier League Football,1992,\N,\N,Reality-TV,,
tt10122428,Search Me,1996,\N,21,Crime/Reality-TV,,
tt10122438,Who Is It?,1996,\N,22,Crime/Reality-TV,,
